﻿<?xml version="1.0" encoding="utf-8"?>
<Level>
  <Info>
    index=0
    name="Test"
    points=150
  </Info>
  <Start>50</Start>
  <Finish>2000</Finish>
  <Floor>
    pos=10
    height=460
    length=2000
  </Floor>
  <Floor>
    pos=300
    height=378
    length=620
  </Floor>
  <Floor>
    pos=350
    height=296
    length=620
  </Floor>
  <Wall>
    pos=20
    length=400
    height=10
  </Wall>
  <Wall>
    pos=2032
    length=400
    height=10
  </Wall>
  <Spawn>
    pos=200
    type=opp
    kind=pedo
  </Spawn>
  <Spawn>
    pos=1000
    type=opp
    kind=waitrose
  </Spawn>
  <Spawn>
    pos=1200
    type=opp
    kind=psy
  </Spawn>
  <Spawn>
    pos=1400
    type=opp
    kind=meatball
  </Spawn>
  <Spawn>
    pos=400
    type=opp
    kind=psy
  </Spawn>
  <Point>
    x=300
    y=434
  </Point>
  <Point>
    x=300
    y=434
  </Point>
  <Point>
    x=340
    y=434
  </Point>
  <Point>
    x=380
    y=434
  </Point>
  <Point>
    x=420
    y=434
  </Point>
  <Point>
    x=420
    y=434
  </Point>
  <Point>
    x=380
    y=10
  </Point>
  <Point>
    x=420
    y=10
  </Point>
</Level>