<?xml version="1" encoding="UTF-8" standalone="yes"?>
<Level> 
  <Info>
    index=2
    name="LevelMakerTest"
    points=150
  </Info> 
  <Floor>
    posX=1
    posY=294
    width=636
    height=10
  </Floor> 
  <EntityMeatball>
    posX=78
    posY=253
    width=32
    height=32
  </EntityMeatball> 
  <EntityMeatball>
    posX=450
    posY=267
    width=32
    height=32
  </EntityMeatball> 
  <EntityMeatball>
    posX=267
    posY=245
    width=32
    height=32
  </EntityMeatball> 
  <EntityMeatball>
    posX=358
    posY=232
    width=32
    height=32
  </EntityMeatball> 
  <EntityMeatball>
    posX=463
    posY=216
    width=32
    height=32
  </EntityMeatball> 
  <Floor>
    posX=422
    posY=166
    width=0
    height=10
  </Floor> 
  <Floor>
    posX=297
    posY=130
    width=269
    height=10
  </Floor> 
  <Finish>
    posX=451
    posY=94
    width=32
    height=64
  </Finish> 
  <Floor>
    posX=351
    posY=215
    width=0
    height=10
  </Floor> 
  <Floor>
    posX=252
    posY=144
    width=0
    height=10
  </Floor> 
  <Floor>
    posX=152
    posY=151
    width=0
    height=10
  </Floor> 
  <Floor>
    posX=92
    posY=215
    width=75
    height=10
  </Floor> 
  <Start>
    posX=228
    posY=200
    width=32
    height=64
  </Start>
</Level>
