﻿<?xml version="1.0" encoding="utf-8"?>
<Level>
  <Info>
    index=0
    name="Boss Spaghetti"
    unlock=""
    points=5000
    gamemusic="/main.ogg"
  </Info>
  <Start>
    posX=50
    posY=380
    width=32
    height=64
  </Start>
  <FinishFlag>
    posX=4000
    posY=380
    width=32
    height=64
  </FinishFlag>
  <Floor>
    posX=10
    posY=444
    width=4000
    height=10
  </Floor>
  <Wall>
    posX=20
    posY=50
    width=10
    height=380
  </Wall>
  <Wall>
    posX=4032
    posY=50
    width=10
    height=380
  </Wall>
  <Floor>
    posX=290
    posY=350
    width=500
    height=10
  </Floor>
  <Floor>
    posX=800
    posY=260
    width=100
    height=10
  </Floor>
  <Floor>
    posX=950
    posY=260
    width=100
    height=10
  </Floor>
  <Floor>
    posX=1100
    posY=260
    width=100
    height=10
  </Floor>
  <Floor>
    posX=1250
    posY=260
    width=100
    height=10
  </Floor>
  <Floor>
    posX=1400
    posY=260
    width=100
    height=10
  </Floor>
  <Floor>
    posX=2200
    posY=350
    width=100
    height=10
  </Floor>
  <Floor>
    posX=2700
    posY=350
    width=100
    height=10
  </Floor>
  <Floor>
    posX=3200
    posY=350
    width=100
    height=10
  </Floor>
  <Floor>
    posX=3700
    posY=350
    width=100
    height=10
  </Floor>
  <Point>
    x=310
    y=310
  </Point>
  <Point>
    x=340
    y=310
  </Point>
  <Point>
    x=370
    y=310
  </Point>
  <Point>
    x=400
    y=310
  </Point>
  <Point>
    x=430
    y=310
  </Point>
  <Point>
    x=460
    y=310
  </Point>
  <Point>
    x=490
    y=310
  </Point>
  <Point>
    x=520
    y=310
  </Point>
  <Point>
    x=550
    y=310
  </Point>
  <Point>
    x=580
    y=310
  </Point>
  <Point>
    x=610
    y=310
  </Point>
  <Point>
    x=640
    y=310
  </Point>
  <Point>
    x=670
    y=310
  </Point>
  <Point>
    x=700
    y=310
  </Point>
  <Point>
    x=730
    y=310
  </Point>
  <Point>
    x=760
    y=310
  </Point>
  <Point>
    x=805
    y=220
  </Point>
  <Point>
    x=835
    y=220
  </Point>
  <Point>
    x=865
    y=220
  </Point>
  <Point>
    x=955
    y=220
  </Point>
  <Point>
    x=985
    y=220
  </Point>
  <Point>
    x=1015
    y=220
  </Point>
  <Point>
    x=1105
    y=220
  </Point>
  <Point>
    x=1135
    y=220
  </Point>
  <Point>
    x=1165
    y=220
  </Point>
  <Point>
    x=1255
    y=220
  </Point>
  <Point>
    x=1285
    y=220
  </Point>
  <Point>
    x=1315
    y=220
  </Point>
  <Point>
    x=1405
    y=220
  </Point>
  <Point>
    x=1435
    y=220
  </Point>
  <Point>
    x=1465
    y=220
  </Point>
  <Point>
    x=2205
    y=310
  </Point>
  <Point>
    x=2235
    y=310
  </Point>
  <Point>
    x=2265
    y=310
  </Point>
  <Point>
    x=2705
    y=310
  </Point>
  <Point>
    x=2735
    y=310
  </Point>
  <Point>
    x=2765
    y=310
  </Point>
  <Point>
    x=3205
    y=310
  </Point>
  <Point>
    x=3235
    y=310
  </Point>
  <Point>
    x=3265
    y=310
  </Point>
  <Point>
    x=3705
    y=310
  </Point>
  <Point>
    x=3735
    y=310
  </Point>
  <Point>
    x=3765
    y=310
  </Point>
  <EntityMeatball>
    posX=450
    posY=410
    width=32
    height=32
  </EntityMeatball>
  <EntityMeatball>
    posX=500
    posY=410
    width=32
    height=32
  </EntityMeatball>
  <EntityMeatball>
    posX=550
    posY=410
    width=32
    height=32
  </EntityMeatball>
  <EntitySpaghetti>
    posX=600
    posY=380
    width=128
    height=64
  </EntitySpaghetti>
  <EntityWaitrose>
    posX=2000
    posY=380
    width=32
    height=64
  </EntityWaitrose>
  <EntityWaitrose>
    posX=2500
    posY=380
    width=32
    height=64
  </EntityWaitrose>
  <EntityWaitrose>
    posX=3000
    posY=380
    width=32
    height=64
  </EntityWaitrose>
  <EntityWaitrose>
    posX=3500
    posY=380
    width=32
    height=64
  </EntityWaitrose>
</Level>