<?xml version="1.0" encoding="utf-8"?>
<Level>
  <Info>
    index=0
    name="Level 2"
    unlock=""
    points=150
	gamemusic="/main.ogg"
  </Info>
  <Start>
    posX=50
    posY=380
    width=32
    height=64
  </Start>
  <FinishFlag>
    posX=2000
    posY=380
    width=32
    height=64
  </FinishFlag>
  <Floor>
    posX=10
    posY=444
    width=2000
    height=10
  </Floor>
  <Wall>
    posX=990
    posY=10
    width=10
    height=430
  </Wall>
  <Floor>
    posX=800
    posY=350
    width=175
    height=10
  </Floor>
  <Floor>
    posX=400
    posY=250
    width=350
    height=10
  </Floor>
  <Floor>
    posX=100
    posY=150
    width=700
    height=10
  </Floor>
  <Floor>
    posX=380
    posY=270
    width=40
    height=10
  </Floor>
  <Floor>
    posX=360
    posY=290
    width=40
    height=10
  </Floor>
  <Floor>
    posX=300
    posY=310
    width=80
    height=10
  </Floor>
  <EntityMeatball>
    posX=320
    posY=270
    width=40
    height=40
  </EntityMeatball>
  <Floor>
    posX=280
    posY=290
    width=40
    height=10
  </Floor>
  <Floor>
    posX=260
    posY=270
    width=40
    height=10
  </Floor>
  <Floor>
    posX=240
    posY=250
    width=40
    height=10
  </Floor>
  <Floor>
    posX=70
    posY=230
    width=190
    height=10
  </Floor>
  <Floor>
    posX=750
    posY=100
    width=200
    height=10
  </Floor>
</Level>