﻿<?xml version="1.0" encoding="utf-8"?>
<Level>
  <Info>
    index=0
    name="Level 1"
    unlock="level1.xml;"
    points=150
	gamemusic="/main.ogg"
  </Info>
  <EntityJannyBunny>
    posX=50
    posY=300
    width=64
    height=64
  </EntityJannyBunny>
  <Start>
    posX=50
    posY=380
    width=32
    height=64
  </Start>
  <EntityFinishFlag>
    posX=2000
    posY=380
    width=32
    height=64
  </EntityFinishFlag>
  <Floor>
    posX=10
    posY=444
    width=2000
    height=10
  </Floor>
  <Floor>
    posX=620
    posY=300
    width=640
    height=10
  </Floor>
  <Floor>
    posX=296
    posY=350
    width=800
    height=10
  </Floor>
  <Wall>
    posX=20
    posY=50
    width=10
    height=380
  </Wall>
  <Wall>
    posX=2032
    posY=50
    width=10
    height=380
  </Wall>
  <Spawn>
    posX=200
    posY=0
    type=opp
    kind=pedo
  </Spawn>
  <Spawn>
    posX=1000
    posY=0
    type=opp
    kind=waitrose
  </Spawn>
  <Spawn>
    posX=1200
    posY=0
    type=opp
    kind=psy
  </Spawn>
  <Spawn>
    posX=400
    posY=0
    type=opp
    kind=psy
  </Spawn>
  <Point>
    x=300
    y=410
  </Point>
  <Point>
    x=300
    y=410
  </Point>
  <Point>
    x=340
    y=410
  </Point>
  <Point>
    x=380
    y=410
  </Point>
  <Point>
    x=420
    y=410
  </Point>
  <Point>
    x=420
    y=410
  </Point>
  <EntityUnicorn>
    posX=400
    posY=100
    width=32
    height=32
  </EntityUnicorn>
  <EntityHildegard>
    posX=368
    posY=100
    width=32
    height=64
  </EntityHildegard>
</Level>